Company,Location,Email,Sent,TimeStamp
Seventh,Hyderabad,akshata@seventhedge.co.in,Done,15/05/2019 17:47:10
Wipro,Hyderabad,k.kumar9@wipro.com,Done,15/05/2019 17:47:10
Consultancy,Hyderabad,spruha@seventhedge.co.in,Done,15/05/2019 17:47:10
Scimox,Hyderabad,deepak@scimox.com,Done,15/05/2019 17:47:10
Scimox,Hyderabad,ashwini.m@aarchsol.com,Done,15/05/2019 17:47:10
Unify Technologies,Hyderabad,sonyg@unifytech.com,Done,15/05/2019 17:47:10
Deloitte,Hyderabad,ratlal@deloitte.com,Done,15/05/2019 17:47:10
Freelancer_Pyhon developer,Hyderabad,spbetha@cloudbourne.co,Done,15/05/2019 17:47:10
AppOrchid,Hyderabad,sunita@tminetwork.com,Done,15/05/2019 17:47:10
ZF India,Hyderabad,rajesh.geddam.v3s@zf.com,Done,15/05/2019 17:47:10
Wipro,Hyderabad,s.nithya@wipro.com,Done,15/05/2019 17:47:10
LeoForce Consultancy,Hyderabad,lakshmi.appana@leoforce.com,Done,15/05/2019 17:47:10
Tech Mahindra,Hyderabad,aarohi.nigam@intellectresourceasia.com,Done,15/05/2019 17:47:10
Lera Technologies,Hyderabad,jyothsna.narayanam@leratechnologies.com,Done,15/05/2019 17:47:10
Test,Hyderabad,pavvankanamarlapudi@gmail.com,Done,15/05/2019 17:47:10
Navauga Consultancy Services,Hyderabad,hr7@navayuga-india.com,Done,15/05/2019 17:47:10
Richmond Technologies,Hyderabad,mail.richtech@gmail.com,Done,15/05/2019 17:47:10
Innominds,Hyderabad,vabandari@innominds.com,Done,15/05/2019 17:47:10
Gramener Technologies,Hyderabad,talent@gramener.com,Done,15/05/2019 17:47:10
Deliotte,Hyderabad,sauvik.majumder21@gmail.com,Done,15/05/2019 17:47:10
Techwave,Hyderabad,svinay@techwave.net,Done,15/05/2019 17:47:10
Melstar,Hyderabad,sreddy@melstar.com,Done,15/05/2019 17:47:10
tgs consult/Deloitte,Hyderabad,shivar@affluentgs.com .com,Done,15/05/2019 17:47:10
Wize Careers,Hyderabad,shelly@wizecareers .com,Done,15/05/2019 17:47:10
Vitusa,Hyderabad,subitha.sukumaran@ust-global.com,Done,15/05/2019 17:47:10
Vitusa,Hyderabad,yuvarani.barthasarathi@careernet.co.in,Done,15/05/2019 17:47:10
Das MAnpower Consult,Hyderabad,hrvinisha.dcsjobs@gmail.com,Done,15/05/2019 17:47:10
Zen3 Hiring coonsult,Hyderabad,sandeep.papolu@zen3.com,Done,15/05/2019 17:47:10
Pactera,Hyderabad,john.gosula@pactera.com,Done,15/05/2019 17:47:10
United Health Group,Hyderabad,poonam@saiomindia.com,Done,15/05/2019 17:47:10
Orcapod Consulting,Hyderabad,yashaswini.abhijith@orcapodservices.com,Done,15/05/2019 17:47:10
Gradient M,Hyderabad,kavya.reddy@gradientm.com,Done,15/05/2019 17:47:10
Aditech Concsulting,Hyderabad,priyanka@aditech.net,Done,15/05/2019 17:47:10
GradientM Consulting,Hyderabad,shilpa@gradientm.com,Done,15/05/2019 17:47:10
